station_from,station_to,travel_time,transport_type,frequency_min,avg_occupancy
1,11,3,Metro,3,142
11,1,3,Metro,3,138
1,13,3,Metro,4,156
13,1,3,Metro,4,149
1,32,7,Tram,8,64
32,1,7,Tram,8,58
1,34,7,Tram,7,71
34,1,7,Tram,7,69
1,37,3,Metro,3,120
37,1,3,Metro,3,125
1,39,6,Tram,9,55
39,1,6,Tram,9,52
1,43,5,Tram,6,82
43,1,5,Tram,6,78
1,48,9,Bus,15,18
48,1,9,Bus,15,22
2,12,6,Tram,10,45
12,2,6,Tram,10,48
2,18,2,Metro,2,185
18,2,2,Metro,2,190
2,31,6,Tram,8,62
31,2,6,Tram,8,60
2,47,9,Bus,20,12
47,2,9,Bus,20,15
2,49,6,Tram,7,75
49,2,6,Tram,7,70
3,6,9,Bus,18,25
6,3,9,Bus,18,23
5,12,4,Metro,5,110
12,5,4,Metro,5,115
5,33,2,Metro,3,165
33,5,2,Metro,3,158
5,44,7,Tram,9,54
44,5,7,Tram,9,50
5,47,4,Metro,4,130
47,5,4,Metro,4,128
6,12,9,Bus,15,30
12,6,9,Bus,15,28
6,29,2,Metro,2,195
29,6,2,Metro,2,188
6,44,9,Bus,16,21
44,6,9,Bus,16,19
7,39,6,Tram,8,67
39,7,6,Tram,8,63
7,42,7,Tram,9,59
42,7,7,Tram,9,55
7,45,10,Bus,20,14
45,7,10,Bus,20,12
8,9,9,Bus,15,28
9,8,9,Bus,15,26
8,19,6,Tram,7,72
19,8,6,Tram,7,70
8,33,3,Metro,3,148
33,8,3,Metro,3,140
8,48,2,Metro,2,210
48,8,2,Metro,2,205
8,49,6,Tram,8,61
49,8,6,Tram,8,58
9,34,7,Tram,10,42
34,9,7,Tram,10,40
9,37,4,Metro,5,118
37,9,4,Metro,5,112
9,45,2,Metro,3,172
45,9,2,Metro,3,168
10,12,5,Tram,7,76
12,10,5,Tram,7,74
10,17,9,Bus,18,19
17,10,9,Bus,18,21
10,21,3,Metro,4,145
21,10,3,Metro,4,141
10,22,7,Tram,9,56
22,10,7,Tram,9,53
10,39,4,Metro,4,135
39,10,4,Metro,4,132
10,48,2,Metro,2,202
48,10,2,Metro,2,198
10,50,8,Bus,15,27
50,10,8,Bus,15,25
11,22,7,Tram,8,63
22,11,7,Tram,8,60
11,29,10,Bus,20,11
29,11,10,Bus,20,14
11,34,4,Metro,5,122
34,11,4,Metro,5,118
11,47,8,Bus,15,24
47,11,8,Bus,15,21
11,50,4,Metro,3,155
50,11,4,Metro,3,150
12,20,10,Bus,20,16
20,12,10,Bus,20,18
13,36,3,Metro,4,138
36,13,3,Metro,4,134
13,39,2,Metro,2,192
39,13,2,Metro,2,188
13,46,4,Metro,5,115
46,13,4,Metro,5,110
14,15,6,Tram,8,66
15,14,6,Tram,8,62
14,20,7,Tram,9,54
20,14,7,Tram,9,51
14,43,5,Tram,7,78
43,14,5,Tram,7,75
15,27,3,Metro,4,142
27,15,3,Metro,4,139
15,33,4,Metro,5,126
33,15,4,Metro,5,121
15,39,8,Bus,15,26
39,15,8,Bus,15,24
16,37,6,Tram,8,60
37,16,6,Tram,8,58
16,48,2,Metro,2,208
48,16,2,Metro,2,201
17,26,2,Metro,3,164
26,17,2,Metro,3,159
17,30,2,Metro,3,171
30,17,2,Metro,3,165
17,42,2,Metro,3,168
42,17,2,Metro,3,162
18,19,4,Metro,4,134
19,18,4,Metro,4,130
18,21,4,Metro,4,128
21,18,4,Metro,4,124
18,22,3,Metro,3,152
22,18,3,Metro,3,148
19,28,9,Bus,18,22
28,19,9,Bus,18,20
19,35,9,Bus,18,24
35,19,9,Bus,18,22
20,25,2,Metro,3,178
25,20,2,Metro,3,172
20,32,8,Bus,15,29
32,20,8,Bus,15,27
20,38,7,Tram,9,52
38,20,7,Tram,9,49
20,41,8,Bus,16,23
41,20,8,Bus,16,21
21,44,3,Metro,4,139
44,21,3,Metro,4,135
22,26,9,Bus,18,17
26,22,9,Bus,18,19
22,33,5,Tram,7,79
33,22,5,Tram,7,76
22,36,4,Metro,5,118
36,22,4,Metro,5,114
23,28,9,Bus,20,14
28,23,9,Bus,20,12
23,34,8,Bus,18,21
34,23,8,Bus,18,19
23,42,7,Tram,9,56
42,23,7,Tram,9,53
23,48,10,Bus,20,13
48,23,10,Bus,20,15
24,43,4,Metro,4,142
43,24,4,Metro,4,138
24,46,10,Bus,20,16
46,24,10,Bus,20,18
25,28,6,Tram,8,64
28,25,6,Tram,8,62
26,29,10,Bus,15,29
29,26,10,Bus,15,27
26,39,2,Metro,2,198
39,26,2,Metro,2,193
27,30,2,Metro,3,174
30,27,2,Metro,3,170
27,43,6,Tram,8,61
43,27,6,Tram,8,59
27,48,9,Bus,18,22
48,27,9,Bus,18,24
28,30,9,Bus,20,15
30,28,9,Bus,20,17
28,32,9,Bus,20,12
32,28,9,Bus,20,14
28,33,10,Bus,20,11
33,28,10,Bus,20,13
28,39,7,Tram,9,52
39,28,7,Tram,9,50
28,42,8,Bus,18,23
42,28,8,Bus,18,21
28,47,10,Bus,20,10
47,28,10,Bus,20,12
29,31,5,Tram,7,78
31,29,5,Tram,7,75
29,41,2,Metro,3,169
41,29,2,Metro,3,164
30,37,6,Tram,8,63
37,30,6,Tram,8,60
30,39,8,Bus,18,24
39,30,8,Bus,18,22
30,40,10,Bus,20,13
40,30,10,Bus,20,11
31,39,10,Bus,20,10
39,31,10,Bus,20,12
33,42,4,Metro,5,115
42,33,4,Metro,5,110
33,45,10,Bus,15,28
45,33,10,Bus,15,26
34,35,7,Tram,9,51
35,34,7,Tram,9,48
34,45,6,Tram,8,65
45,34,6,Tram,8,62
37,43,9,Bus,18,21
43,37,9,Bus,18,19
38,39,6,Tram,8,66
39,38,6,Tram,8,63
38,48,4,Metro,5,122
48,38,4,Metro,5,118
39,40,9,Bus,20,15
40,39,9,Bus,20,13
39,43,10,Bus,20,11
43,39,10,Bus,20,13
40,49,9,Bus,18,22
49,40,9,Bus,18,20
43,48,7,Tram,9,55
48,43,7,Tram,9,52
43,50,9,Bus,20,14
50,43,9,Bus,20,12
45,46,8,Bus,18,25
46,45,8,Bus,18,23
46,48,5,Tram,7,79
48,46,5,Tram,7,76
49,50,5,Tram,7,81
50,49,5,Tram,7,78
