station_id,name
1,Station_1
2,Station_2
3,Station_3
4,Station_4
5,Station_5
6,Station_6
7,Station_7
8,Station_8
9,Station_9
10,Station_10
11,Station_11
12,Station_12
13,Station_13
14,Station_14
15,Station_15
16,Station_16
17,Station_17
18,Station_18
19,Station_19
20,Station_20
21,Station_21
22,Station_22
23,Station_23
24,Station_24
25,Station_25
26,Station_26
27,Station_27
28,Station_28
29,Station_29
30,Station_30
31,Station_31
32,Station_32
33,Station_33
34,Station_34
35,Station_35
36,Station_36
37,Station_37
38,Station_38
39,Station_39
40,Station_40
41,Station_41
42,Station_42
43,Station_43
44,Station_44
45,Station_45
46,Station_46
47,Station_47
48,Station_48
49,Station_49
50,Station_50
